6M2wZ9GZgrQXHCFfjv46we,Dua Lipa
1Xyo4u8uXC1ZmMpatF05PJ,The Weeknd
07YZf4WDAMNwqr4jfgOZ8y,Jason Derulo
6KImCVD70vtIoJWnq6nGn3,Harry Styles
3TVXtAsR1Inumwj472S9r4,Drake
4r63FhuTkUYltbVAg5TQnk,DaBaby
56mfhUDKa1vec6rSLZV5Eg,Jawsh 685
1uNFoZAHBGtllmzznpCI3s,Justin Bieber
4npEfmQ6YuiwW1GpUmaq3F,Ava Max
66CXWjxzNUsdJxJ2JdwvnR,Ariana Grande
246dkjvS1zLTtiykXe5h60,Post Malone
23fqKkggKUBHNkbKtXEls4,Kygo
4GNC7GD6oZMSxPGyXy4MNB,Lewis Capaldi
1HY2Jd0NmPuamShAr6KMms,Lady Gaga
04gDigrS5kc9YWfZHwBETP,Maroon 5
5WUlDfRSoLAfcVSX1WnrxN,Sia
64KEffDW9EtZ1y2vBYgq8T,Marshmello
50co4Is1HCEo8bhOyUWKpn,Young Thug
6eUKZXaKkcviH0Ku9w2n3V,Ed Sheeran
7CajNmpbOovFoOoasH2HaY,Calvin Harris
1vyhD5VmyZ7KMfW5gqLgo5,J Balvin
0u6GtibW46tFX7koQ6uNJZ,Topic
5cj0lLjcoR7YOSnhnX0Po5,Doja Cat
2wY79sveU1sp5g7SokKOiI,Sam Smith
3Nrfpe0tUJi4K4DXYWgMUX,BTS
5YGY8feqx7naU7z4HrwZM6,Miley Cyrus
5Wg2b4Mp42gicxEeDNawf7,A7S
7bXgB6jMjp9ATFy66eO08Z,Chris Brown
20D9trwaavO9NqDSBg2yu5,David Guetta
6fWVd57NKTalqvmjRd2t8Z,24kGoldn
181bsRPaVXVlUKXrxwZfHK,Megan Thee Stallion
06HL4z0CvFAxyc27GXpf02,Taylor Swift
757aE44tKEUQEqRuT6GnEB,Roddy Ricch
6ASri4ePR7RlsvIQgWPJpS,iann dior
5pKCCKE2ajJHZ9KAiaK11H,Rihanna
1KCSPY1glIKqW2TotWuXOR,P!nk
3hcs9uc56yIGFCSy9leWe7,Lil Durk
5f7VJjfbwm532GiveGC0ZK,Lil Baby
4kYSro6naA4h99UJvo89HB,Cardi B
6LuN9FCkKOj5PcnpouEgny,Khalid
3t5xRXzsuZmMDkQzgOX35S,Robin Schulz
0du5cEVh5yTK9QJze8zA0C,Bruno Mars
3oSJ7TBVCWMDMiYjXNiCKE,Kane Brown
1yxSLGMDHlW21z4YXirZDS,Black Eyed Peas
7gOdHgIoIKoe4i9Tta6qdD,Jonas Brothers
1zuJe6b1roixEKMOtyrEak,Tina Turner
6Iz3eq2aQGFf7TbGT2iahL,Gabby Barrett
1MIVXf74SZHmTIp4V4paH4,Mabel
718COspgdWOnwOFpJHRZHS,Luke Combs
6jJ0s89eD6GaHleKKya26X,Katy Perry
0C8ZW7ezQVs4URX5aX7Kqx,Selena Gomez
0H39MdGGX6dbnnQPt6NQkZ,SAINt JHN
6cK3NBO6uP7hh0oyuVELFl,Saweetie
6qqNVTkY8uBg9cP3Jd7DAH,Billie Eilish
6MDME20pz9RveH9rEXvrOM,Clean Bandit
4MCBfE4596Uoi2O4DtmEMz,Juice WRLD
7n2wHs1TKAczGzO7Dd2rGr,Shawn Mendes
1anyVhU62p31KFi8MEzkbf,Chance the Rapper
4q3ewBCX7sLwd24euuV69X,Bad Bunny
4nDoRrQiYLoBzwC5BhVJzF,Camila Cabello
1lmU3giNF3CSbkVSQmLpHQ,Surf Mesa
26VFTg2z8YR0cCuwLzESi2,Halsey
4gzpq5DPGxSnKTe4SA8HAU,Coldplay
0eDvMgVFoNV3TpwtrVCoTj,Pop Smoke
4ArPQ1Opcksbbf3CPwEjWE,Emilee
5Pwc4xIPtQLFEnJriah9YJ,OneRepublic
0QHgL1lAIqAw0HtD7YldmP,DJ Khaled
4ofCBoyEiGSePFAG500xev,Regard
2cFrymmkijnjDg9SS92EPM,blackbear
1UTPBmNbXNTittyMJrNkvw,Blake Shelton
6vWDO969PvNqNYHIOW5v0m,Beyoncé
3FfvYsEGaIb52QPXhg4DcH,Jason Aldean
4bL2B6hmLlMWnUEZnorEtG,Felix Jaehn
2LIk90788K0zvyj2JJVwkJ,Jack Harlow
1zNqQNIdeOUZHb8zbZRFMX,Swae Lee
6S2OmqARrzebs0tKUEyXyp,Demi Lovato
09agIJMxCD2k87ys9Al0f0,VIZE
0hCNtLu0JehylgoiP8L4Gh,Nicki Minaj
3DiDSECUqqY1AuBP8qtaIa,Alicia Keys
0ZED1XzwlLHW4ZaG4lOT6m,Julia Michaels
1i8SpTcr7yvPOmcqrbnVXY,Ozuna
31TPClRtHm23RisEBtV3X7,Justin Timberlake
0BvkDsjIUla7X0k6CSWh1I,Luke Bryan
6Rmg5JiRphFMlhkwGNl9Fu,Tom Gregory
4oUHIQIBe0LHzYfvXNW4QM,Morgan Wallen
790FomKkXshlbRYZFtlgla,KAROL G
66W9LaWS0DPdL7Sz8iYGYe,JP Saxe
53XhwfbYqKCa1cC15pYq2q,Imagine Dragons
03d2mJXSMtuPI0nIvLnhoS,Zoe Wees
3q7HBObVc0L8jNeTe5Gofh,50 Cent
0GM7qgcRCORpGnfcN2tCiB,Tainy
1t2vamW3e4TNHlKeDMmaUA,Lil Wayne
7f5Zgnp2spUuuzKplmRkt7,Lost Frequencies
5Zq7R5qmi58ByYyBQTlNuk,Lee Brice
1IueXOQyABrMOprrzwQJWN,Sigala
0Y5tJX1MQlPlqiwlOH1tJY,Travis Scott
3fMbdgg4jU18AjLCKBhRSm,Michael Jackson
1vCWHaC5f2uS3yhpwWbIA6,Avicii
5fMUXHkw8R8eOP2RNVYEZX,Diplo
2NjfBq1NflQcKSeiDooVjY,Tones And I
4yiQZ8tQPux8cPriYMWUFP,Gwen Stefani
5KKpBU5eC2tJDzf0wmlRp2,RAYE
6WY7D3jk8zTrHtmkqqo5GI,Maren Morris
3tXUeiWOSod3mSQ2lOautf,Wes
4IWBUUAFIplrNtaOHcJPRM,James Arthur
7z5WFjZAIYejWy0NI5lv4T,Dan + Shay
0YinUQ50QDB7ZxSCLyQ40k,Mustard
5LHRHt1k9lMyONurDHEdrp,Tyga
6XpaIBNiVzIetEPCWDvAFP,Whitney Houston
3grHWM9bx2E9vwJCdlRv9O,Kenny Chesney
523y9KSneKh6APd1hKxLuF,Master KG
3e7awlrlDSwF3iM0WBjGMp,Little Mix
4dpARuHxo51G3z768sgnrY,Adele
4cfKtwkefMW3aiXtxfw8w6,Nomcebo Zikode
1dfeR4HaWDbWqFHLkxsg1d,Queen
0u2FHSq3ln94y5Q57xazwf,Keith Urban
41MozSoPIsD1dJM0CLPjZF,BLACKPINK
1r4hJ1h58CWwUQe3MxPuau,Maluma
5KNNVgR6LBIABRIomyCwKJ,Dermot Kennedy
0VRj0yCOv2FXJNP47XQnx5,Quavo
2WBJQGf1bT1kxuoqziH5g4,Purple Disco Machine
7oPftvlwr6VrsViSDV7fJY,Green Day
20JZFwl6HVl6yg8a4H3ZqK,Panic! At The Disco
5zctI4wO9XSKS8XwcnqEHk,Lil Mosey
51Blml2LZPmy7TTiAg47vQ,U2
3Isy6kedDrgPYoTS1dazA9,Sean Paul
2hlmm7s2ICUX0LVIhVFlZQ,Gunna
5JZ7CnR6gTvEMKX4g70Amv,Lauv
2qxJFvFYMEDqd7ui6kSAcq,Zedd
6tbjWDEIzxoDsBA1FuhfPW,Madonna
3nFkdlSjzX9mRTtwJOzDYB,JAY-Z
6x2LnllRG5uGarZMsD4iO8,Thomas Rhett
3YQKmKGau1PzlVlkL1iodx,Twenty One Pilots
69GGBxA162lTqCwzJG5jLp,The Chainsmokers
3b8QkneNDz4JHKKKlLgYZg,Florida Georgia Line
2kucQ9jQwuD8jWdtR9Ef38,Sam Hunt
6roFdX1y5BYSbp60OTJWMd,Tim McGraw
3eqjTLE0HfPfh78zjh6TqT,Bruce Springsteen
6VuMaDnrHyPL1p4EHjYLi7,Charlie Puth
7EQ0qTo7fWT7DPxmxtSYEc,Bastille
4MoAOfV4ROWofLG3a3hhBN,Jon Pardi
6nS5roXSAGhTGr34W6n7Et,Disclosure
6sHCvZe1PHrOAuYlwTLNH4,Gus Dapperton
32WkQRZEVKSzVAAYqukAEA,Lady A
7c0XG5cIJTrrAgEC3ULPiq,Ty Dolla $ign
0C0XlULifJtAgn6ZNCW2eu,The Killers
4VMYDCV2IEDYJArk749S6m,Daddy Yankee
2RdwBSPQiwcmiDo9kixcl8,Pharrell Williams
7ACEUD7UsmmXrnj4OLt8f9,twocolors
1zNqDE7qDGCsyzJwohVaoX,Anne-Marie
0Cp8WN4V8Tu4QJQwCN5Md4,BENEE
7nqlScm2smydSRl13eaP8E,Nea
3KV3p5EY4AvKxOlhGHORLg,Jeremih
0X2BH1fck6amBIoJhDVmmJ,Ellie Goulding
23zg3TcAtWQy7J6upgbUnj,Usher
4AKwRarlmsUlLjIwt38NLw,Ofenbach
6s22t5Y3prQHyaHWUN1R1C,AJR
2cWZOOzeOm4WmBJRnD5R7I,Normani
0L8ExT028jH3ddEcZwqJJ5,Red Hot Chili Peppers
0TnOYISbd1XYRBk9myaseg,Pitbull
4FrXHrpbDLNyO3pbVv8RmF,Sophie and the Giants
4EPJlUEBy49EX1wuFOvtjK,Becky Hill
1HBjj22wzbscIZ9sEb5dyf,Jonas Blue
60d24wfXkVzDSfLS6hyCjZ,Martin Garrix
58lV9VcRSjABbAbfWS6skp,Bon Jovi
21E3waRsmPlU7jZsS13rcj,Ne-Yo
56oDRnqbIiwx4mymNEv7dS,Lizzo
5ZS223C6JyBfXasXxrRqOk,Jhené Aiko
1OB278sOZVSFx5vXqYha83,J. Rey Soul
45TgXXqMDdF8BkjA83OM7z,Rod Wave
1RyvyyTE3xzB2ZywiAwp0i,Future
6DgP9otnZw5z6daOntINxp,Joel Corry
2t1vHqFELDwweQWM6JYxHG,Kelvin Jones
3PhoLpVuITZKcymswpck5b,Elton John
5CCwRZC6euC8Odo6y9X8jr,Rita Ora
1v3tdpIdBSW14rHUfiEVOv,Lauren Alaina
0xRXCcSX89eobfrshSVdyu,MEDUZA
1E2AEtxaFaJtH0lO7kgNKw,Russell Dickerson
2nm38smINjms1LtczR0Cei,Goodboys
7uaIm6Pw7xplS8Dy06V6pT,Trevor Daniel
2h6hAChW74hB9HvrNoK1RY,Quarterhead
4e0nWw2r4BoQSKPQ2zpU13,Ray Dalton
1SupJlEpv7RS2tPNRaHViT,Nicky Jam
1dID9zgn0OV0Y8ud7Mh2tS,Dustin Lynch
6XyY86QOPPrYVGvF9ch6wz,Linkin Park
6NmUYlwUPc70NJF5wXzHgw,MemeLounge
3Y7RZ31TRPVadSFVy1o8os,H.E.R.
37hAfseJWi0G3Scife12Il,City Girls
2fsk4VlJdNF6G8cCMDrrzB,Norma Jean Martine
4Q6nIcaBED8qUel8bBx6Cr,Jax Jones
7qXzy6c5RWT0XlVQcOBIDG,Mark Forster
4tZwfgrHOc3mvqYlEYSvVi,Daft Punk
4xFUf1FHVy696Q1JQZMTRj,Carrie Underwood
540vIaP2JwjQb9dm3aArA4,DJ Snake
4FcZfItjVIsfO9TynErl7X,Jubël
2YZyLoL8N0Wb9xBt1NhZWg,Kendrick Lamar
2DaxqgrOhkeH0fpeiQq2f4,Oasis
4Gso3d4CscCijv0lmajZWs,Don Toliver
60gmlHZmT16wiO9GiXKYK9,Chris Janson
6olE6TJLqED3rqDCT0FyPh,Nirvana
7EekKnlf2HwNaLLpL9Cpgy,Matt Stell
6y8XlgIV8BLlIg1tT1R10i,Old Dominion
1l7ZsJRRS8wlW3WfJfPfNS,Christina Aguilera
3WrFJ7ztbogyGnTHbHJFl2,The Beatles
1Xylc3o4UrD53lo9CvFvVg,Zara Larsson
4lxfqrEsLX6N1N4OCSkILp,Phil Collins
4OGiMt96TFUKkKWf7Imlno,Michael Patrick Kelly
4ScCswdRlyA23odg9thgIO,Jess Glynne
5K4W6rqBFWDnAN6FQUkS6x,Kanye West
586uxXMyD5ObPuzjtrzO1Q,Sofi Tukker
7dGJo4pcD2V6oG8kP0tJRR,Eminem
3hv9jJF3adDNsBSIQDqcjp,Mark Ronson
2HcwFjNelS49kFbfvMxQYw,Robbie Williams
4KWTAlx2RvbpseOGMEmROg,R.E.M.
7tYKF4w9nC0nq9CsPZTHyP,SZA
3Z02hBLubJxuFJfhacLSDc,Bryan Adams
45dkTj5sMRSjrmBSBeiHym,Tate McRae
738wLrAtLtCtFOLvQBXOXp,Major Lazer
1Hsdzj7Dlq2I7tHP7501T4,Niall Horan
2eyKv3c0vBNnUcnwTzEeRj,Jameson Rodges
0AsThoR4KZSVktALiNcQwW,Chloe x Halle
1kiq2kUV0cbLUhJsr7cpW0,Alida
22bE4uQ6baNwSHPVcDxLCe,The Rolling Stones
4J6n12fCG6ze2dJsMHS1fH,Nea
5a2EaR3hamoenG9rDuVn8j,Prince
19ra5tSw0tWufvUp8GotLo,George Michael
0bMKf3lIYR9GaNTdFKkTOr,Zonderling
7jy3rLJdDQY21OgRLCZ9sD,Foo Fighters
3A9B6c1CrSPauiOblw7pWz,Nico Santos
7vk5e3vY1uw9plTHJAMwjN,Alan Walker
0oSGxfWSnnOXhD2fKuz2Gy,David Bowie
6TIYQ3jFPwQSRmorSezPxX,Machine Gun Kelly
0EmeFodog0BfCgMzAIvKQp,Shakira
0A0FS04o6zMoto8OKPsDwY,YG
6FBDaR13swtiWwGhX1WQsP,blink-182
4iHNK0tOyZPYnBU7nGAgpQ,Mariah Carey
0c173mlxpT3dSFRgMO8XPh,Big Sean
71Dhj822M1LGpuryPIV2KO,NEIMY
5rSXSAkZ67PYJSvpUpkOr7,Backstreet Boys
6mo0UbyIvIePdXNyLwQlk5,Milow
3HiuzBlSW7pGDXlSFMhO2g,Young Dolph
2DlGxzQSjYe5N6G9nkYghR,Jennifer Lopez
13y7CgLHjMVRMDqxdx0Xdo,Gucci Mane
2o5jDhtHVPhrJdv3cEQ99Z,Tiësto
5nki7yRhxgM509M5ADlN1p,Oliver Heldens
3jOstUTkEu2JkjvRdBA5Gu,Weezer
7Ey4PD4MYsKc5I2dolUwbH,Aerosmith
3BmGtnKgCSGYIUhmivXKWX,Kelly Clarkson
5EvFsr3kj42KNv97ZEnqij,Shaggy
2QsynagSdAqZj3U9HgDzjD,Bob Marley & The Wailers
6l3HvQ5sa6mXTsMTB19rO5,J. Cole
4EzkuveR9pLvDVFNx6foYD,James Bay
68abRTdO4meYReMWHvBYb0,Chris Lane
5NGO30tJxFlKixkPSgXcFE,The Police
5rGrDvrLOV2VV8SCFVGWlj,Imanbek
57LYzLEk2LcFghVwuWbcuS,Summer Walker
7guDJrEfX3qb6FEbdPA5qi,Stevie Wonder
1g0fXhQMHAxlRyIBkCbuE7,Matt Simons
61ipISvUVa5LkJlKZnm3Oo,Alle Farben
4WN5naL3ofxrVBgFpguzKo,Rudimental
7uMh23xWiuR7zsNkuNcm2G,MNEK
2jku7tDXc6XoB6MO2hFuqg,Tory Lanez
1w5Kfo2jwwIPruYS2UWh56,Pearl Jam
6pBNfggcZZDCmb0p92OnGn,Chase Rice
1G9G7WwrXka3Z1r7aIDjI7,OutKast
66lH4jAE7pqPlOlzUKbwA0,Miranda Lambert
08GQAI4eElDnROBrJRGE0X,Fleetwood Mac
5QNm7E7RU2m64l6Gliu8Oy,HARDY
7x8nK0m0cP2ksQf0mjWdPS,Dierks Bentley
3tJoFztHeIJkJWMrx0td2f,Moneybagg Yo
3wcj11K77LjEY1PkEazffa,Burna Boy
2ySHS7UojGu20XfUPaBlyu,Devin Dawson
64M6ah0SkkRsnPGtGiRAbb,Bebe Rexha
6cEuCEZu7PAE9ZSzLLc2oQ,R3HAB
17lzZA2AlOHwCwFALHttmp,2 Chainz
46gyXjRIvN1NL1eCB8GBxo,All Time Low
7FY5V3XMwlNBPitEjXowHQ,Darius Rucker
5Yu3b48Y29bZlI1cLPOZJz,Danny Gokey
4SbuhLih8eWLmqFzzmM3AK,HIXTAPE
6vXTefBL93Dj5IqAWq6OTv,French Montana
0Z8XVUAOBPM4x12wKnFHEQ,Parker McCollum
7FNnA9vBm6EKceENgCGRMb,Anitta
4Xi6LSfFqv26XgP9NKN26U,AJ Tracey
26dSoYclwsYLMAKD3tpOr4,Britney Spears
5Rl15oVamLq7FbSb0NNBNy,5 Seconds of Summer
3MdXrJWsbVzdn6fe5JYkSQ,Mulatto
0cQbJU1aAzvbEmTuljWLlF,No Doubt
0jnsk9HBra6NMjO2oANoPY,Flo Rida
7hJcb9fa4alzcOq3EaNPoG,Snoop Dogg
0NKDgy9j66h3DLnN8qu1bB,Eurythmics
329e4yvIujISKGKz1BZZbO,Farruko
2ysnwxxNtSgbb9t1m2Ur4j,George Ezra
6Q192DXotxtaysaqNPy5yR,Amy Winehouse
7iK8PXO48WeuP03g8YR51W,Myke Towers
2gduEC76ry33RVurAvT05p,Nathan Dawe
0cGUm45nv7Z6M6qdXYQGTX,Kehlani
4OBJLual30L7gRl5UkeRcT,T.I.
2IvkS5MXK0vPGnwyJsrEyV,Eric Church
6P5NO5hzJbuOqSdyPB7SJM,Ashe
6yJCxee7QumYr820xdIsjo,Zac Brown Band
28gNT5KBp7IjEOQoevXf9N,Camilo
2SHhfs4BiDxGQ3oxqf0UHY,Roxette
4tpUmLEVLCGFr93o8hFFIB,Blondie
0a1gHP0HAqALbEyxaD5Ngn,Rascal Flatts
7IlRNXHjoOCgEAWN5qYksg,Aya Nakamura
6zFYqv1mOsgBRQbae3JJ9e,Billy Joel
7qG3b048QCHVRO5Pv1T5lw,Enrique Iglesias
5Y5TRrQiqgUO4S36tzjIRZ,Timbaland
0Ty63ceoRnnJKVEYP0VQpk,Sting
7KMqksf0UMdyA0UCf4R3ux,James Blunt
5y2Xq6xcjJb2jVM54GHK3t,John Legend
58xvIqMyzvPuxxGODQSA0u,brando
5INjqkS1o8h1imAzPqGZBb,Tame Impala
35l9BRT7MXmM8bv2WDQiyB,beabadoobee
34bhyY8jfKez7uKakMfy4y,Maddie & Tae
4UXqAaa6dQYAk18Lv7PEgX,Fall Out Boy
3qm84nBOXUEQ2vnTfUTTFC,Guns N' Roses
2JbE7jUIGtpXSzytnyMg6U,Curtis Waters
5pUo3fmmHT8bhCyHE52hA6,Liam Payne
0LcJLqbBmaGUft1e9Mm8HV,ABBA
4f9iBmdUOhQWeP7dcAn1pf,Rag'n'Bone Man
20gsENnposVs2I4rQ5kvrf,Sam Feldt
0fiWOxhsBsQQvFDtxUQWo0,Brett Young
2R21vXR83lH98kGeO99Y66,Anuel AA
5gznATMVO85ZcLTkE9ULU7,Lenny Kravitz
2qk9voo8llSGYcZ6xrBzKx,Kings of Leon
7BKePXVmQRgnkbGcrFX1G4,JORIS
6t1gpxYbY8OlLA7D2RiikQ,Loud Luxury
3EOEK57CV77D4ovYVcmiyt,Dennis Lloyd
1n2pb9Tsfe4SwAjmUac6YT,Jake Owen
4kI8Ie27vjvonwaB2ePh8T,Portugal. The Man
7rkW85dBwwrJtlHRDkJDAC,NAV
2wUjUUtkb5lvLKcGKsKqsR,Alessia Cara
1eClJfHLoDI4rZe5HxzBFv,INXS
25u4wHJWxCA9vO0CzxAbK7,Lukas Graham
26T3LtbuGT1Fu9m0eRq5X3,Cage The Elephant
7ltDVBr6mKbRvohxheJ9h1,ROSALÍA
2gBjLmx6zQnFGQJCAQpRgw,Nelly
2SrSdSvpminqmStGELCSNd,Stormzy
2BTZIqw0ntH9MvilQ3ewNY,Cyndi Lauper
1LZEQNv7sE11VDY3SdxQeN,Bee Gees
2hJPr4lk7Q8SSvCVBl9fWM,Kip Moore
3AQRLZ9PuTAozP28Skbq8V,The Script
3RqBeV12Tt7A8xH3zBDDUF,Kelsea Ballerini
7gHscNMDI8FF8pcgrV8eIn,Matt Maeson
2TAqN8fwfaKauvviN4pOsv,JC Stewart
3v6Ji4uoWtKRkhuDUaxi9n,Dynoro
5ndkK3dpZLKtBklKjxNQwT,B.o.B
1URnnhqYAYcrqrcwql10ft,21 Savage
4RVnAU35WRWra6OZ3CbbMA,Kylie Minogue
4CA8PTrbq1l5IgyvBA2JSV,Paul Woolford
30e8DmahrEamvLbFRPdWmk,Justin Moore
3JhNCzhSMTxs9WLGJJxWOY,Macklemore
36QJpDe2go2KgaRleHCDTp,Led Zeppelin
2y8Jo9CKhJvtfeKOsYzRdT,Rod Stewart
67nwj3Y5sZQLl72VNUHEYE,Wale
137W8MRPWKqSmrBGDBFSop,Wiz Khalifa
6MPCFvOQv5cIGfw3jODMF0,Internet Money
3gMaNLQm7D9MornNILzdSl,Lionel Richie
7gP3bB2nilZXLfPHJhMdvc,Foster The People
5wwneIFdawNgQ7GvKK29Z3,Lucas & Steve
4Uc8Dsxct0oMqx0P6i60ea,Conan Gray
0QJIPDAEDILuo8AIq3pMuU,M.I.A.
1bj5GrcLom5gZFF5t949Xl,Martin Solveig
6uisE4KbgDpJ7iYsrQNbiV,Kenji
762310PdDnwsDxAQxzQkfX,Depeche Mode
12Chz98pHFMPJEknJQMWvI,Muse
5CiGnKThu5ctn9pBxv7DGa,benny blanco
6oMuImdp5ZcFhWP0ESe6mG,Migos
2eogQKWWoohI3BSnoG7E2U,Donna Summer
4YLtscXsxbVgi031ovDDdh,Chris Stapleton
0epOFNiUfyON9EYx7Tpr6V,The Strokes
21aa4pj9BvbFB2iT8kRpnq,Michael Schulte
6mzs66iVW15C5iLt0JLt41,ILIRA
0Fb9qTWnjsB90xH3zWr4oa,Kareen Lomax
77ziqFxp5gaInVrF2lj4ht,Sech
07YUOmWljBTXwIseAUd9TW,Sebastian Yatra
3aQeKQSyrW4qWr35idm0cy,T-Pain
2TL8gYTNgD6nXkyuUdDrMg,Jasmine Thompson
1nzgtKYFckznkcVMR3Gg4z,KSI
7mWMzxN6IAIQ1tfFFtAiQv,Bryn Christopher
7keGfmQR4X5w0two1xKZ7d,Kungs
6eXZu6O7nAUA5z6vLV8NKI,Little Simz
2jw70GZXlAI8QzWeY2bgRc,Nelly Furtado
0NGAZxHanS9e0iNHpR8f2W,Alok
4S9EykWXhStSc15wEx8QFK,Céline Dion
67ghKnycRX6VM1xfqJSMlH,Younotus
5LfGQac0EIXyAN8aUwmNAQ,The Offspring
6JL8zeS1NmiOftqZTRgdTz,Meghan Trainor
40Yq4vzPs9VNUrIBG5Jr2i,The Smashing Pumpkins
4bthk9UfsYUYdcFyqxmSUU,Tears For Fears
3AA28KZvwAUcZuOKwyblJQ,Gorillaz
16oZKvXb6WkQlVAjwo2Wbg,The Lumineers
6L1XC7NrmgWRlwAeLJvVtA,Sam Fischer
5L8p9kDnX2cgoI8VLUL2p4,Beatking
0SfsnGyD8FpIN4U4WCkBZ5,Armin van Buuren
0k17h0D3J5VfsdmQ1iZtE9,Pink Floyd
7vPGzgDg3qGUY5bWtrO3K4,Conkarah
1mcTU81TzQhprhouKaTkpq,Rauw Alejandro
0WwSkZ7LtFUFjGjMZBMt6T,Dire Straits
5ZsFI1h6hIdQRw2ti0hz81,ZAYN
7nDsS0l5ZAzMedVRKPP8F1,Ella Henderson
1hzfo8twXdOegF3xireCYs,Milky Chance
3mIj9lX2MWuHmhNCA7LSCW,The 1975
0id62QV2SZZfvBn9xpmuCl,Aloe Blacc
3ipn9JLAPI5GUEo4y4jcoi,Ludacris
7HkdQ0gt53LP4zmHsL0nap,Ella Mai
6hNeqnHcPj070xntXlCwuv,Mulatto
20sxb77xiYeusSH8cVdatc,Meek Mill
7bu3H8JO7d0UbMoVzbo70s,The Cure
4V8Sr092TqfHkfAA5fXXqG,Luis Fonsi
3KedxarmBCyFBevnqQHy3P,Jessie Reyez
1By9QBFnjZAoI83BZppHlt,Billy Currington
6UCQYrcJ6wab6gnQ89OJFh,Headie One
4lDBihdpMlOalxy1jkUbPl,Grey
1XkoF8ryArs86LZvFOkbyr,Mary J. Blige
73jBynjsVtofjRpdpRAJGk,Dimitri Vegas & Like Mike
6ogn9necmbUdCppmNnGOdi,Alanis Morissette
0PFtn5NtBbbUNbU9EAmIWF,TOTO
7t0rwkOPGlDPEhaOcVtOt9,The Cranberries
0bm9qSmVJmT9CEukIhhZY5,Stefanie Heinzmann
2auikkNYqigWStoHWK1Grq,John Martin
4ehtJnVumNf6xzSCDk8aLB,Martin Jensen
0vRvGUQVUjytro0xpb26bs,Arizona Zervas
4BYxqVkZyFjtik7crYLg5Q,Chris Young
71jSVPQ6yskfyvWeiwvT5s,S1mba
1bqxdqvUtPWZri43cKHac8,MAX
1Y8cdNmUJH7yBTd9yOvr5i,Destiny's Child
3FUY2gzHeIiaesXtOAdB7A,Train
6ZV6lGY0prbqpTD0Md8i29,Scotty McCreery
3CkvROUTQ6nRi9yQOcsB50,Genesis
4QQgXkCYTt3BlENzhyNETg,"Earth, Wind & Fire"
3KwmxIhSe9UTSEF37kwngR,SHAED
3GBPw9NK25X1Wt2OUvOwY3,Jack Johnson
5dHt1vcEm9qb8fCyLcB3HL,A$AP Ferg
3koiLjNrgRTNbOwViDipeA,Marvin Gaye
6DIS6PRrLS3wbnZsf7vYic,WALK THE MOON
6LqNN22kT3074XbTVUrhzX,Kesha
0J7U24vlOOIeMpuaO6Q85A,LP
45gHcnDnMC15sgx3VL7ROG,42 Dugg
77kULmXAQ6vWer7IIHdGzI,Jordan Davis
4W6fwRbqEy1dfEoE6OCyZu,Mathieu Koss
4tX2TplrkIP4v05BNC903e,Tom Petty and the Heartbreakers
2HPaUgqeutzr3jx5a9WyDV,PARTYNEXTDOOR
7ueZp29tCNwjIj4yAMTEaC,Graham Coxon
6GI52t8N5F02MxU0g5U69P,Santana
7jVv8c5Fj3E9VhNjxT4snq,Lil Nas X
3tVQdUvClmAT7URs9V3rsp,WizKid
7mnBLXK823vNxN3UWB7Gfz,The Black Keys
2fZcYu4ltOFdwsnDmLQ9jl,DJ Fle
6ueGR6SWhUJfvEhqkvMsVs,Janelle Monáe
2vf4pRsEY6LpL5tKmqWb64,Elderbrook
3yDIp0kaq9EFKe07X1X2rz,Nile Rodgers
0TImkz4nPqjegtVSMZnMRq,TLC
2jzc5TC5TVFLXQlBNiIUzE,a-ha
44rJuOJLavqhY6qGgpQW4U,Harm Franklin
4AK6F7OLvEQ5QYCBNiQWHq,One Direction
6urvbTw4Mi2tGEEyBVXgMo,Sydney Symphony Orchestra
4Euia7UzdRshy1DJOSMTcs,220 KID
6deZN1bslXzeGvOLaLMOIF,Nickelback
4tMm1dU6Gn04VAZ9ClHcIZ,Jacquees
4phGZZrJZRo4ElhRtViYdl,Jason Mraz
1fa0cOhromAZdq2xRA4vv8,Simply Red
711MCceyCBcFnzjGY4Q7Un,AC/DC
59wfkuBoNyhDMQGCljbUbA,Diddy
3rIZMv9rysU7JkLzEaC5Jp,Snow Patrol
1sBkRIssrMs1AbVkOJbc7a,Rick Ross
04HqRx07Bv9gh7rsrMTqs7,Miss Li
5nGIFgo0shDenQYSE0Sn7c,Evanescence
0z4gvV4rjIZ9wHck67ucSV,Akon
5pDjmC5mRl7vDJhsjVwNfk,Freya Ridings
6PAt558ZEZl0DmdXlnjMgD,Eric Clapton
0qSX3s5pJnAlSsgsCne8Cz,Brett Eldredge
4qwGe91Bz9K2T8jXTZ815W,Janet Jackson
0LyfQWJT6nXafLPZqxe9Of,Various Artists
0p4nmQO2msCgU4IF37Wi3j,Avril Lavigne
2iojnBLj0qIMiKPvVhLnsH,Trey Songz
69MEO1AADKg1IZrq2XLzo5,UB40
0bdfiayQAKewqEvaU6rXCv,MØ
5MmVJVhhYKQ86izuGHzJYA,MIKA
6AgTAQt8XS6jRWi4sX7w49,Polo G
3gqabzO7zvHVzAIT0Nxqa3,LOTTE
6VxCmtR7S3yz4vnzsJqhSV,Sheppard
72OaDtakiy6yFqkt4TsiFt,Cher
6eKWqnckwdIlSnjaYgIyxv,Eli Young Band
3QSQFmccmX81fWCUSPTS7y,Dean Lewis
5fiYAV2DWASxAUKDq7Gbe9,Luca Schreiner
6IRouO5mvvfcyxtPDKMYFN,Foreigner
1mfDfLsMxYcOOZkzBxvSVW,Cole Swindell
1xKrH6GSh9CJh8nYwbqW7B,Welshly Arms
0ECwFtbIWEVNwjlrfc6xoL,Eagles
2cnMpRsOVqtPMfq7YiFE6K,Van Halen
0imE3buPhAowREqCrr4CYe,Peach Tree Rascals
3l0CmX0FuQjFxr8SK7Vqag,Clairo
5OdVywqKqyCWwfE2fZb7IX,Chico Rose
1moxjboGR7GNWYIMWsRjgG,Florence + The Machine
6Q6wl4T5osps79OPDuLjNJ,Extreme Music
5q8HGNo0BjLWaTAhRtbwxa,Brantley Gilbert
5iNrZmtVMtYev5M9yoWpEq,Seeb
3pFCERyEiP5xeN2EsPXhjI,Joe Cocker
